{
  "overall": {
    "single": {
      "n": 188742,
      "brier": 0.24071618863971436,
      "ic": 0.15758085952039017
    },
    "regime": {
      "n": 188742,
      "brier": 0.24284433400603517,
      "ic": 0.13017813514502963
    }
  },
  "by_regime": {
    "bull_trend": {
      "single": {
        "n": 47069,
        "brier": 0.23898757329791376,
        "ic": 0.15229365416496635
      },
      "regime": {
        "n": 47069,
        "brier": 0.24105129154918295,
        "ic": 0.16038897329809518
      }
    },
    "bull_range": {
      "single": {
        "n": 28170,
        "brier": 0.24423826970767926,
        "ic": 0.11235918588237433
      },
      "regime": {
        "n": 28170,
        "brier": 0.24642809685950348,
        "ic": 0.09370057507312816
      }
    },
    "bear_trend": {
      "single": {
        "n": 63114,
        "brier": 0.240543482075906,
        "ic": 0.15478012396910293
      },
      "regime": {
        "n": 63114,
        "brier": 0.2410510356678424,
        "ic": 0.13424103106823984
      }
    },
    "bear_range": {
      "single": {
        "n": 50389,
        "brier": 0.24057820959482057,
        "ic": 0.14809159422383203
      },
      "regime": {
        "n": 50389,
        "brier": 0.24476190226768121,
        "ic": 0.1088783998546971
      }
    }
  }
}