{
  "prob_mid": [
    0.05,
    0.15,
    0.25,
    0.35,
    0.44999999999999996,
    0.5499999999999999,
    0.65,
    0.75,
    0.85,
    0.95
  ],
  "avg_ret_3d": [
    -0.6486824154853821,
    -0.19337381422519684,
    0.08162657916545868,
    0.2649692893028259,
    0.3589952290058136,
    0.44043856859207153,
    0.5725454092025757,
    0.7233648896217346,
    0.9401588439941406,
    1.833031177520752
  ],
  "avg_ret_5d": [
    -0.8391112685203552,
    -0.19554299116134644,
    0.27795976400375366,
    0.47608447074890137,
    0.7260348200798035,
    0.8747224807739258,
    1.112747311592102,
    1.2426502704620361,
    1.646346926689148,
    3.0183305740356445
  ],
  "std_ret_5d": [
    8.557548522949219,
    7.992650508880615,
    7.9778151512146,
    8.010308265686035,
    8.068410873413086,
    7.8763909339904785,
    7.6904520988464355,
    7.764660358428955,
    7.9157538414001465,
    9.564571380615234
  ],
  "exp_sharpe_5d": [
    -1.0053609690746215,
    -0.6823725515278621,
    -0.3231379983249661,
    -0.1843448487794913,
    -0.009386108835851673,
    0.25230852297115175,
    0.1436066984414317,
    0.3017294917625222,
    0.37480206282051154,
    4.846357979114305
  ]
}